Delivery Support,Current Statuses,FALSE
Delivery Support,Not Green Statuses,FALSE
Delivery Support,Red Statuses,FALSE
Delivery Support,Yellow Statuses,FALSE
Delivery Support,Green Statuses,FALSE
Delivery Support,Overdue Statuses,FALSE
Delivery Support,All Issues,FALSE
Delivery Support,All Open Issues,FALSE
Delivery Support,All Open Unassigned Issues,FALSE
Delivery Support,All In Progress Issues,FALSE
Admin,Account & Project Management,FALSE
Admin,User Management,FALSE
Admin,Engagement Type Management,FALSE
